{
    "UNFINISHED_comp23_4_mini_benchmark_duplicate": {
        "Accuracy": 0.2357142130533854,
        "Background Precision": 0.21280859948800807,
        "Background Recall": 0.331778142729164,
        "Background Specificity": 0.7106629071673477,
        "Background F1 Score": 0.25929841887438954,
        "Background IoU": 0.14896202034662584,
        "Background Dice Coefficient": 0.2592984236357718,
        "Lane Lines Precision": 0.021243843840963183,
        "Lane Lines Recall": 0.22201062443614766,
        "Lane Lines Specificity": 0.7880760388999488,
        "Lane Lines F1 Score": 0.03877716102051334,
        "Lane Lines IoU": 0.019771930999084603,
        "Lane Lines Dice Coefficient": 0.0387771626146128,
        "Drivable Area Precision": 0.6775759907048375,
        "Drivable Area Recall": 0.19791096715310058,
        "Drivable Area Specificity": 0.8164235772028313,
        "Drivable Area F1 Score": 0.30634315429781367,
        "Drivable Area IoU": 0.18087675741825548,
        "Drivable Area Dice Coefficient": 0.3063431577969328,
        "Cones Precision": 0.12476953441676174,
        "Cones Recall": 0.28991261013149056,
        "Cones Specificity": 0.7015163472345884,
        "Cones F1 Score": 0.17445776718826825,
        "Cones IoU": 0.0955649059559884,
        "Cones Dice Coefficient": 0.1744577713952942,
        "Mean IoU": 0.11129390367998859,
        "Mean Dice Coefficient": 0.1947191288606529
    },
    "UNFINISHED_comp23_4_mini_benchmark": {
        "Accuracy": 0.2357142130533854,
        "Background Precision": 0.21280859948800807,
        "Background Recall": 0.331778142729164,
        "Background Specificity": 0.7106629071673477,
        "Background F1 Score": 0.25929841887438954,
        "Background IoU": 0.14896202034662584,
        "Background Dice Coefficient": 0.2592984236357718,
        "Lane Lines Precision": 0.021243843840963183,
        "Lane Lines Recall": 0.22201062443614766,
        "Lane Lines Specificity": 0.7880760388999488,
        "Lane Lines F1 Score": 0.03877716102051334,
        "Lane Lines IoU": 0.019771930999084603,
        "Lane Lines Dice Coefficient": 0.0387771626146128,
        "Drivable Area Precision": 0.6775759907048375,
        "Drivable Area Recall": 0.19791096715310058,
        "Drivable Area Specificity": 0.8164235772028313,
        "Drivable Area F1 Score": 0.30634315429781367,
        "Drivable Area IoU": 0.18087675741825548,
        "Drivable Area Dice Coefficient": 0.3063431577969328,
        "Cones Precision": 0.12476953441676174,
        "Cones Recall": 0.28991261013149056,
        "Cones Specificity": 0.7015163472345884,
        "Cones F1 Score": 0.17445776718826825,
        "Cones IoU": 0.0955649059559884,
        "Cones Dice Coefficient": 0.1744577713952942,
        "Mean IoU": 0.11129390367998859,
        "Mean Dice Coefficient": 0.1947191288606529
    }
}