{
    "UNFINISHED_comp23_4_mini_benchmark": {
        "Accuracy": 0.16864725748697917,
        "Background Precision": 0.19078028020280255,
        "Background Recall": 0.47972475792346114,
        "Background Specificity": 0.5202772861208572,
        "Background F1 Score": 0.27299428689647953,
        "Background IoU": 0.15807376289506442,
        "Background Dice Coefficient": 0.27299429096795425,
        "Lane Lines Precision": 0.023870202619155748,
        "Lane Lines Recall": 0.023704520396906962,
        "Lane Lines Specificity": 0.9799161237937163,
        "Lane Lines F1 Score": 0.02378706800826552,
        "Lane Lines IoU": 0.012036695379994142,
        "Lane Lines Dice Coefficient": 0.02378707300820682,
        "Drivable Area Precision": 0.659002450626914,
        "Drivable Area Recall": 0.021108112413453808,
        "Drivable Area Specificity": 0.9787092331993607,
        "Drivable Area F1 Score": 0.04090598899643574,
        "Drivable Area IoU": 0.020880054443891117,
        "Drivable Area Dice Coefficient": 0.0409059895978969,
        "Cones Precision": 0.13089747497220175,
        "Cones Recall": 0.4898442560733578,
        "Cones Specificity": 0.522649550963601,
        "Cones F1 Score": 0.2065895428318975,
        "Cones IoU": 0.11519367789881241,
        "Cones Dice Coefficient": 0.2065895461600071,
        "Mean IoU": 0.07654604765444052,
        "Mean Dice Coefficient": 0.13606922493351628
    },
    "UNFINISHED_comp23_4_mini_benchmark_duplicate": {
        "Accuracy": 0.16864725748697917,
        "Background Precision": 0.19078028020280255,
        "Background Recall": 0.47972475792346114,
        "Background Specificity": 0.5202772861208572,
        "Background F1 Score": 0.27299428689647953,
        "Background IoU": 0.15807376289506442,
        "Background Dice Coefficient": 0.27299429096795425,
        "Lane Lines Precision": 0.023870202619155748,
        "Lane Lines Recall": 0.023704520396906962,
        "Lane Lines Specificity": 0.9799161237937163,
        "Lane Lines F1 Score": 0.02378706800826552,
        "Lane Lines IoU": 0.012036695379994142,
        "Lane Lines Dice Coefficient": 0.02378707300820682,
        "Drivable Area Precision": 0.659002450626914,
        "Drivable Area Recall": 0.021108112413453808,
        "Drivable Area Specificity": 0.9787092331993607,
        "Drivable Area F1 Score": 0.04090598899643574,
        "Drivable Area IoU": 0.020880054443891117,
        "Drivable Area Dice Coefficient": 0.0409059895978969,
        "Cones Precision": 0.13089747497220175,
        "Cones Recall": 0.4898442560733578,
        "Cones Specificity": 0.522649550963601,
        "Cones F1 Score": 0.2065895428318975,
        "Cones IoU": 0.11519367789881241,
        "Cones Dice Coefficient": 0.2065895461600071,
        "Mean IoU": 0.07654604765444052,
        "Mean Dice Coefficient": 0.13606922493351628
    }
}