{
    "UNFINISHED_comp23_4_mini_benchmark_duplicate": {
        "Accuracy": 0.2517695109049479,
        "Background Precision": 0.18827937682275656,
        "Background Recall": 0.3251263703450837,
        "Background Specificity": 0.6695382503494632,
        "Background F1 Score": 0.2384647602508482,
        "Background IoU": 0.13537325858910879,
        "Background Dice Coefficient": 0.23846476489561275,
        "Lane Lines Precision": 0.02309583903382486,
        "Lane Lines Recall": 0.19627643580229623,
        "Lane Lines Specificity": 0.8279909582321785,
        "Lane Lines F1 Score": 0.04132854768604093,
        "Lane Lines IoU": 0.02110029712278414,
        "Lane Lines Dice Coefficient": 0.04132854956998783,
        "Drivable Area Precision": 0.6812692830456728,
        "Drivable Area Recall": 0.22719251869825052,
        "Drivable Area Specificity": 0.7928061719672201,
        "Drivable Area F1 Score": 0.34075022708940644,
        "Drivable Area IoU": 0.20536403691218535,
        "Drivable Area Dice Coefficient": 0.3407502308402566,
        "Cones Precision": 0.12821597895461673,
        "Cones Recall": 0.27814140547069804,
        "Cones Specificity": 0.722430355175332,
        "Cones F1 Score": 0.1755212189047194,
        "Cones IoU": 0.09620348861183907,
        "Cones Dice Coefficient": 0.17552122322410216,
        "Mean IoU": 0.11451027030897934,
        "Mean Dice Coefficient": 0.19901619213248983
    },
    "UNFINISHED_comp23_4_mini_benchmark": {
        "Accuracy": 0.2517695109049479,
        "Background Precision": 0.18827937682275656,
        "Background Recall": 0.3251263703450837,
        "Background Specificity": 0.6695382503494632,
        "Background F1 Score": 0.2384647602508482,
        "Background IoU": 0.13537325858910879,
        "Background Dice Coefficient": 0.23846476489561275,
        "Lane Lines Precision": 0.02309583903382486,
        "Lane Lines Recall": 0.19627643580229623,
        "Lane Lines Specificity": 0.8279909582321785,
        "Lane Lines F1 Score": 0.04132854768604093,
        "Lane Lines IoU": 0.02110029712278414,
        "Lane Lines Dice Coefficient": 0.04132854956998783,
        "Drivable Area Precision": 0.6812692830456728,
        "Drivable Area Recall": 0.22719251869825052,
        "Drivable Area Specificity": 0.7928061719672201,
        "Drivable Area F1 Score": 0.34075022708940644,
        "Drivable Area IoU": 0.20536403691218535,
        "Drivable Area Dice Coefficient": 0.3407502308402566,
        "Cones Precision": 0.12821597895461673,
        "Cones Recall": 0.27814140547069804,
        "Cones Specificity": 0.722430355175332,
        "Cones F1 Score": 0.1755212189047194,
        "Cones IoU": 0.09620348861183907,
        "Cones Dice Coefficient": 0.17552122322410216,
        "Mean IoU": 0.11451027030897934,
        "Mean Dice Coefficient": 0.19901619213248983
    },
    "comp24_walkthrough": {
        "Accuracy": 0.23901875813802084,
        "Background Precision": 0.4240403279543391,
        "Background Recall": 0.26887353161517485,
        "Background Specificity": 0.687061092264747,
        "Background F1 Score": 0.32908338404359844,
        "Background IoU": 0.1969478228809547,
        "Background Dice Coefficient": 0.32908338879286736,
        "Lane Lines Precision": 0.03273985380967639,
        "Lane Lines Recall": 0.20615022875677153,
        "Lane Lines Specificity": 0.7944730522139979,
        "Lane Lines F1 Score": 0.05650572009762775,
        "Lane Lines IoU": 0.029074293202746754,
        "Lane Lines Dice Coefficient": 0.05650572246297203,
        "Drivable Area Precision": 0.4913331848835691,
        "Drivable Area Recall": 0.20398748648358567,
        "Drivable Area Specificity": 0.8151039837379315,
        "Drivable Area F1 Score": 0.28828661104487197,
        "Drivable Area IoU": 0.16841991056997624,
        "Drivable Area Dice Coefficient": 0.2882866151909684,
        "Cones Precision": 0.042165832326370695,
        "Cones Recall": 0.3324063884254033,
        "Cones Specificity": 0.6929505498638783,
        "Cones F1 Score": 0.07483839370809324,
        "Cones IoU": 0.03887382520986368,
        "Cones Dice Coefficient": 0.07483839570606324,
        "Mean IoU": 0.10832896296588534,
        "Mean Dice Coefficient": 0.18717853053821776
    }
}