{
    "UNFINISHED_comp23_4_mini_benchmark": {
        "Accuracy": 0.24142913818359374,
        "Background Precision": 0.19888201030869082,
        "Background Recall": 0.32743516188200295,
        "Background Specificity": 0.6890493478282689,
        "Background F1 Score": 0.24745900549851294,
        "Background IoU": 0.14120012692456105,
        "Background Dice Coefficient": 0.24745901020022418,
        "Lane Lines Precision": 0.013873907995816863,
        "Lane Lines Recall": 0.12666633256486753,
        "Lane Lines Specificity": 0.8134652564776105,
        "Lane Lines F1 Score": 0.02500859415237342,
        "Lane Lines IoU": 0.01266263533113198,
        "Lane Lines Dice Coefficient": 0.025008595931835496,
        "Drivable Area Precision": 0.6669497218032555,
        "Drivable Area Recall": 0.20248135176878115,
        "Drivable Area Specificity": 0.8029032727447163,
        "Drivable Area F1 Score": 0.31065114598320337,
        "Drivable Area IoU": 0.1838880995329314,
        "Drivable Area Dice Coefficient": 0.31065114955624457,
        "Cones Precision": 0.14190966363397167,
        "Cones Recall": 0.332558389069696,
        "Cones Specificity": 0.7048596954473378,
        "Cones F1 Score": 0.19893119407284918,
        "Cones IoU": 0.1104517484695762,
        "Cones Dice Coefficient": 0.19893119826557204,
        "Mean IoU": 0.11205065256455016,
        "Mean Dice Coefficient": 0.19551248848846906
    },
    "UNFINISHED_comp23_4_mini_benchmark_duplicate": {
        "Accuracy": 0.24142913818359374,
        "Background Precision": 0.19888201030869082,
        "Background Recall": 0.32743516188200295,
        "Background Specificity": 0.6890493478282689,
        "Background F1 Score": 0.24745900549851294,
        "Background IoU": 0.14120012692456105,
        "Background Dice Coefficient": 0.24745901020022418,
        "Lane Lines Precision": 0.013873907995816863,
        "Lane Lines Recall": 0.12666633256486753,
        "Lane Lines Specificity": 0.8134652564776105,
        "Lane Lines F1 Score": 0.02500859415237342,
        "Lane Lines IoU": 0.01266263533113198,
        "Lane Lines Dice Coefficient": 0.025008595931835496,
        "Drivable Area Precision": 0.6669497218032555,
        "Drivable Area Recall": 0.20248135176878115,
        "Drivable Area Specificity": 0.8029032727447163,
        "Drivable Area F1 Score": 0.31065114598320337,
        "Drivable Area IoU": 0.1838880995329314,
        "Drivable Area Dice Coefficient": 0.31065114955624457,
        "Cones Precision": 0.14190966363397167,
        "Cones Recall": 0.332558389069696,
        "Cones Specificity": 0.7048596954473378,
        "Cones F1 Score": 0.19893119407284918,
        "Cones IoU": 0.1104517484695762,
        "Cones Dice Coefficient": 0.19893119826557204,
        "Mean IoU": 0.11205065256455016,
        "Mean Dice Coefficient": 0.19551248848846906
    }
}