{
    "UNFINISHED_comp23_4_mini_benchmark_duplicate": {
        "Accuracy": 0.21855723063151042,
        "Background Precision": 0.2139638538404302,
        "Background Recall": 0.443330631745072,
        "Background Specificity": 0.6160320102175207,
        "Background F1 Score": 0.28862779509264586,
        "Background IoU": 0.16865285026643426,
        "Background Dice Coefficient": 0.28862779948379724,
        "Lane Lines Precision": 0.017710205117316243,
        "Lane Lines Recall": 0.08569710333765519,
        "Lane Lines Specificity": 0.9015202173014616,
        "Lane Lines F1 Score": 0.029354078623179965,
        "Lane Lines IoU": 0.014895665013043947,
        "Lane Lines Dice Coefficient": 0.029354081461866327,
        "Drivable Area Precision": 0.7782898282707527,
        "Drivable Area Recall": 0.12112712041143373,
        "Drivable Area Specificity": 0.9327389979703652,
        "Drivable Area F1 Score": 0.20962914882563835,
        "Drivable Area IoU": 0.11708699976418709,
        "Drivable Area Dice Coefficient": 0.20962915115636244,
        "Cones Precision": 0.12928388166682467,
        "Cones Recall": 0.4077160604217919,
        "Cones Specificity": 0.5969772212530055,
        "Cones F1 Score": 0.19631701903964568,
        "Cones IoU": 0.1088423105200218,
        "Cones Dice Coefficient": 0.19631702269545837,
        "Mean IoU": 0.10236945639092178,
        "Mean Dice Coefficient": 0.18098201369937109
    },
    "UNFINISHED_comp23_4_mini_benchmark": {
        "Accuracy": 0.21855723063151042,
        "Background Precision": 0.2139638538404302,
        "Background Recall": 0.443330631745072,
        "Background Specificity": 0.6160320102175207,
        "Background F1 Score": 0.28862779509264586,
        "Background IoU": 0.16865285026643426,
        "Background Dice Coefficient": 0.28862779948379724,
        "Lane Lines Precision": 0.017710205117316243,
        "Lane Lines Recall": 0.08569710333765519,
        "Lane Lines Specificity": 0.9015202173014616,
        "Lane Lines F1 Score": 0.029354078623179965,
        "Lane Lines IoU": 0.014895665013043947,
        "Lane Lines Dice Coefficient": 0.029354081461866327,
        "Drivable Area Precision": 0.7782898282707527,
        "Drivable Area Recall": 0.12112712041143373,
        "Drivable Area Specificity": 0.9327389979703652,
        "Drivable Area F1 Score": 0.20962914882563835,
        "Drivable Area IoU": 0.11708699976418709,
        "Drivable Area Dice Coefficient": 0.20962915115636244,
        "Cones Precision": 0.12928388166682467,
        "Cones Recall": 0.4077160604217919,
        "Cones Specificity": 0.5969772212530055,
        "Cones F1 Score": 0.19631701903964568,
        "Cones IoU": 0.1088423105200218,
        "Cones Dice Coefficient": 0.19631702269545837,
        "Mean IoU": 0.10236945639092178,
        "Mean Dice Coefficient": 0.18098201369937109
    }
}